"#","Book Name","Author","Book Cover","Actions"
"1","Test 540","Test Author 540","",""
"2","Test 539","Test Author 539","",""
"3","Test 538","Test Author 538","",""
"4","Test 537","Test Author 537","",""
"5","Test 536","Test Author 536","",""
"6","Test 535","Test Author 535","",""
"7","Test 534","Test Author 534","",""
"8","Test 533","Test Author 533","",""
"9","Test 532","Test Author 532","",""
"10","Test 531","Test Author 531","",""
"11","Test 530","Test Author 530","",""
"12","Test 529","Test Author 529","",""
"13","Test 528","Test Author 528","",""
"14","Test 527","Test Author 527","",""
"15","Test 526","Test Author 526","",""
"16","Test 525","Test Author 525","",""
"17","Test 524","Test Author 524","",""
"18","Test 523","Test Author 523","",""
"19","Test 522","Test Author 522","",""
"20","Test 521","Test Author 521","",""
"21","Test 520","Test Author 520","",""
"22","Test 519","Test Author 519","",""
"23","Test 518","Test Author 518","",""
"24","Test 517","Test Author 517","",""
"25","Test 516","Test Author 516","",""
"26","Test 515","Test Author 515","",""
"27","Test 514","Test Author 514","",""
"28","Test 513","Test Author 513","",""
"29","Test 511","Test Author 511","",""
"30","Test 510","Test Author 510","",""
"31","Test 509","Test Author 509","",""
"32","Test 508","Test Author 508","",""
"33","Test 507","Test Author 507","",""
"34","Test 506","Test Author 506","",""
"35","Test 505","Test Author 505","",""
"36","Test 504","Test Author 504","",""
"37","Test 503","Test Author 503","",""
"38","Test 502","Test Author 502","",""
"39","Test 501","Test Author 501","",""
"40","Test 500","Test Author 500","",""
"41","Test 499","Test Author 499","",""
"42","Test 498","Test Author 498","",""
"43","Test 497","Test Author 497","",""
"44","Test 496","Test Author 496","",""
"45","Test 495","Test Author 495","",""
"46","Test 494","Test Author 494","",""
"47","Test 493","Test Author 493","",""
"48","Test 492","Test Author 492","",""
"49","Test 491","Test Author 491","",""
"50","Test 490","Test Author 490","",""
"51","Test 489","Test Author 489","",""
"52","Test 488","Test Author 488","",""
"53","Test 487","Test Author 487","",""
"54","Test 486","Test Author 486","",""
"55","Test 485","Test Author 485","",""
"56","Test 484","Test Author 484","",""
"57","Test 483","Test Author 483","",""
"58","Test 482","Test Author 482","",""
"59","Test 481","Test Author 481","",""
"60","Test 480","Test Author 480","",""
"61","Test 479","Test Author 479","",""
"62","Test 478","Test Author 478","",""
"63","Test 477","Test Author 477","",""
"64","Test 476","Test Author 476","",""
"65","Test 475","Test Author 475","",""
"66","Test 474","Test Author 474","",""
"67","Test 473","Test Author 473","",""
"68","Test 472","Test Author 472","",""
"69","Test 471","Test Author 471","",""
"70","Test 470","Test Author 470","",""
"71","Test 469","Test Author 469","",""
"72","Test 468","Test Author 468","",""
"73","Test 467","Test Author 467","",""
"74","Test 466","Test Author 466","",""
"75","Test 465","Test Author 465","",""
"76","Test 464","Test Author 464","",""
"77","Test 463","Test Author 463","",""
"78","Test 462","Test Author 462","",""
"79","Test 461","Test Author 461","",""
"80","Test 460","Test Author 460","",""
"81","Test 459","Test Author 459","",""
"82","Test 458","Test Author 458","",""
"83","Test 457","Test Author 457","",""
"84","Test 456","Test Author 456","",""
"85","Test 455","Test Author 455","",""
"86","Test 454","Test Author 454","",""
"87","Test 453","Test Author 453","",""
"88","Test 452","Test Author 452","",""
"89","Test 451","Test Author 451","",""
"90","Test 450","Test Author 450","",""
"91","Test 449","Test Author 449","",""
"92","Test 448","Test Author 448","",""
"93","Test 447","Test Author 447","",""
"94","Test 446","Test Author 446","",""
"95","Test 445","Test Author 445","",""
"96","Test 444","Test Author 444","",""
"97","Test 443","Test Author 443","",""
"98","Test 442","Test Author 442","",""
"99","Test 441","Test Author 441","",""
"100","Test 440","Test Author 440","",""
"101","Test 439","Test Author 439","",""
"102","Test 438","Test Author 438","",""
"103","Test 437","Test Author 437","",""
"104","Test 436","Test Author 436","",""
"105","Test 435","Test Author 435","",""
"106","Test 434","Test Author 434","",""
"107","Test 433","Test Author 433","",""
"108","Test 432","Test Author 432","",""
"109","Test 431","Test Author 431","",""
"110","Test 430","Test Author 430","",""
"111","Test 429","Test Author 429","",""
"112","Test 428","Test Author 428","",""
"113","Test 427","Test Author 427","",""
"114","Test 426","Test Author 426","",""
"115","Test 425","Test Author 425","",""
"116","Test 424","Test Author 424","",""
"117","Test 423","Test Author 423","",""
"118","Test 422","Test Author 422","",""
"119","Test 421","Test Author 421","",""
"120","Test 420","Test Author 420","",""
"121","Test 419","Test Author 419","",""
"122","Test 418","Test Author 418","",""
"123","Test 417","Test Author 417","",""
"124","Test 416","Test Author 416","",""
"125","Test 415","Test Author 415","",""
"126","Test 414","Test Author 414","",""
"127","Test 413","Test Author 413","",""
"128","Test 412","Test Author 412","",""
"129","Test 411","Test Author 411","",""
"130","Test 410","Test Author 410","",""
"131","Test 409","Test Author 409","",""
"132","Test 408","Test Author 408","",""
"133","Test 407","Test Author 407","",""
"134","Test 406","Test Author 406","",""
"135","Test 405","Test Author 405","",""
"136","Test 404","Test Author 404","",""
"137","Test 403","Test Author 403","",""
"138","Test 402","Test Author 402","",""
"139","Test 401","Test Author 401","",""
"140","Test 400","Test Author 400","",""
"141","Test 399","Test Author 399","",""
"142","Test 398","Test Author 398","",""
"143","Test 397","Test Author 397","",""
"144","Test 396","Test Author 396","",""
"145","Test 395","Test Author 395","",""
"146","Test 394","Test Author 394","",""
"147","Test 393","Test Author 393","",""
"148","Test 392","Test Author 392","",""
"149","Test 391","Test Author 391","",""
"150","Test 390","Test Author 390","",""
"151","Test 389","Test Author 389","",""
"152","Test 388","Test Author 388","",""
"153","Test 387","Test Author 387","",""
"154","Test 386","Test Author 386","",""
"155","Test 385","Test Author 385","",""
"156","Test 384","Test Author 384","",""
"157","Test 383","Test Author 383","",""
"158","Test 382","Test Author 382","",""
"159","Test 381","Test Author 381","",""
"160","Test 380","Test Author 380","",""
"161","Test 379","Test Author 379","",""
"162","Test 378","Test Author 378","",""
"163","Test 377","Test Author 377","",""
"164","Test 376","Test Author 376","",""
"165","Test 375","Test Author 375","",""
"166","Test 374","Test Author 374","",""
"167","Test 373","Test Author 373","",""
"168","Test 372","Test Author 372","",""
"169","Test 371","Test Author 371","",""
"170","Test 370","Test Author 370","",""
"171","Test 369","Test Author 369","",""
"172","Test 368","Test Author 368","",""
"173","Test 367","Test Author 367","",""
"174","Test 366","Test Author 366","",""
"175","Test 365","Test Author 365","",""
"176","Test 364","Test Author 364","",""
"177","Test 363","Test Author 363","",""
"178","Test 362","Test Author 362","",""
"179","Test 361","Test Author 361","",""
"180","Test 360","Test Author 360","",""
"181","Test 359","Test Author 359","",""
"182","Test 358","Test Author 358","",""
"183","Test 357","Test Author 357","",""
"184","Test 356","Test Author 356","",""
"185","Test 355","Test Author 355","",""
"186","Test 354","Test Author 354","",""
"187","Test 353","Test Author 353","",""
"188","Test 352","Test Author 352","",""
"189","Test 351","Test Author 351","",""
"190","Test 350","Test Author 350","",""
"191","Test 349","Test Author 349","",""
"192","Test 348","Test Author 348","",""
"193","Test 347","Test Author 347","",""
"194","Test 346","Test Author 346","",""
"195","Test 345","Test Author 345","",""
"196","Test 344","Test Author 344","",""
"197","Test 343","Test Author 343","",""
"198","Test 342","Test Author 342","",""
"199","Test 341","Test Author 341","",""
"200","Test 340","Test Author 340","",""
"201","Test 339","Test Author 339","",""
"202","Test 338","Test Author 338","",""
"203","Test 337","Test Author 337","",""
"204","Test 336","Test Author 336","",""
"205","Test 335","Test Author 335","",""
"206","Test 334","Test Author 334","",""
"207","Test 333","Test Author 333","",""
"208","Test 332","Test Author 332","",""
"209","Test 331","Test Author 331","",""
"210","Test 330","Test Author 330","",""
"211","Test 329","Test Author 329","",""
"212","Test 328","Test Author 328","",""
"213","Test 327","Test Author 327","",""
"214","Test 326","Test Author 326","",""
"215","Test 325","Test Author 325","",""
"216","Test 324","Test Author 324","",""
"217","Test 323","Test Author 323","",""
"218","Test 322","Test Author 322","",""
"219","Test 321","Test Author 321","",""
"220","Test 320","Test Author 320","",""
"221","Test 319","Test Author 319","",""
"222","Test 318","Test Author 318","",""
"223","Test 317","Test Author 317","",""
"224","Test 316","Test Author 316","",""
"225","Test 315","Test Author 315","",""
"226","Test 314","Test Author 314","",""
"227","Test 313","Test Author 313","",""
"228","Test 312","Test Author 312","",""
"229","Test 311","Test Author 311","",""
"230","Test 310","Test Author 310","",""
"231","Test 309","Test Author 309","",""
"232","Test 308","Test Author 308","",""
"233","Test 307","Test Author 307","",""
"234","Test 306","Test Author 306","",""
"235","Test 305","Test Author 305","",""
"236","Test 304","Test Author 304","",""
"237","Test 303","Test Author 303","",""
"238","Test 302","Test Author 302","",""
"239","Test 301","Test Author 301","",""
"240","Test 300","Test Author 300","",""
"241","Test 299","Test Author 299","",""
"242","Test 298","Test Author 298","",""
"243","Test 297","Test Author 297","",""
"244","Test 296","Test Author 296","",""
"245","Test 295","Test Author 295","",""
"246","Test 294","Test Author 294","",""
"247","Test 293","Test Author 293","",""
"248","Test 292","Test Author 292","",""
"249","Test 291","Test Author 291","",""
"250","Test 290","Test Author 290","",""
"251","Test 289","Test Author 289","",""
"252","Test 288","Test Author 288","",""
"253","Test 287","Test Author 287","",""
"254","Test 286","Test Author 286","",""
"255","Test 285","Test Author 285","",""
"256","Test 284","Test Author 284","",""
"257","Test 283","Test Author 283","",""
"258","Test 282","Test Author 282","",""
"259","Test 281","Test Author 281","",""
"260","Test 280","Test Author 280","",""
"261","Test 279","Test Author 279","",""
"262","Test 278","Test Author 278","",""
"263","Test 277","Test Author 277","",""
"264","Test 276","Test Author 276","",""
"265","Test 275","Test Author 275","",""
"266","Test 274","Test Author 274","",""
"267","Test 273","Test Author 273","",""
"268","Test 272","Test Author 272","",""
"269","Test 271","Test Author 271","",""
"270","Test 270","Test Author 270","",""
"271","Test 269","Test Author 269","",""
"272","Test 268","Test Author 268","",""
"273","Test 267","Test Author 267","",""
"274","Test 266","Test Author 266","",""
"275","Test 265","Test Author 265","",""
"276","Test 264","Test Author 264","",""
"277","Test 263","Test Author 263","",""
"278","Test 262","Test Author 262","",""
"279","Test 261","Test Author 261","",""
"280","Test 260","Test Author 260","",""
"281","Test 259","Test Author 259","",""
"282","Test 258","Test Author 258","",""
"283","Test 257","Test Author 257","",""
"284","Test 255","Test Author 255","",""
"285","Test 254","Test Author 254","",""
"286","Test 253","Test Author 253","",""
"287","Test 252","Test Author 252","",""
"288","Test 251","Test Author 251","",""
"289","Test 250","Test Author 250","",""
"290","Test 249","Test Author 249","",""
"291","Test 248","Test Author 248","",""
"292","Test 247","Test Author 247","",""
"293","Test 246","Test Author 246","",""
"294","Test 245","Test Author 245","",""
"295","Test 244","Test Author 244","",""
"296","Test 243","Test Author 243","",""
"297","Test 242","Test Author 242","",""
"298","Test 241","Test Author 241","",""
"299","Test 240","Test Author 240","",""
"300","Test 239","Test Author 239","",""
"301","Test 238","Test Author 238","",""
"302","Test 237","Test Author 237","",""
"303","Test 236","Test Author 236","",""
"304","Test 235","Test Author 235","",""
"305","Test 234","Test Author 234","",""
"306","Test 233","Test Author 233","",""
"307","Test 232","Test Author 232","",""
"308","Test 231","Test Author 231","",""
"309","Test 230","Test Author 230","",""
"310","Test 229","Test Author 229","",""
"311","Test 228","Test Author 228","",""
"312","Test 227","Test Author 227","",""
"313","Test 226","Test Author 226","",""
"314","Test 225","Test Author 225","",""
"315","Test 224","Test Author 224","",""
"316","Test 223","Test Author 223","",""
"317","Test 222","Test Author 222","",""
"318","Test 221","Test Author 221","",""
"319","Test 220","Test Author 220","",""
"320","Test 219","Test Author 219","",""
"321","Test 218","Test Author 218","",""
"322","Test 217","Test Author 217","",""
"323","Test 216","Test Author 216","",""
"324","Test 215","Test Author 215","",""
"325","Test 214","Test Author 214","",""
"326","Test 213","Test Author 213","",""
"327","Test 212","Test Author 212","",""
"328","Test 211","Test Author 211","",""
"329","Test 210","Test Author 210","",""
"330","Test 209","Test Author 209","",""
"331","Test 208","Test Author 208","",""
"332","Test 207","Test Author 207","",""
"333","Test 206","Test Author 206","",""
"334","Test 205","Test Author 205","",""
"335","Test 204","Test Author 204","",""
"336","Test 203","Test Author 203","",""
"337","Test 202","Test Author 202","",""
"338","Test 201","Test Author 201","",""
"339","Test 200","Test Author 200","",""
"340","Test 199","Test Author 199","",""
"341","Test 198","Test Author 198","",""
"342","Test 197","Test Author 197","",""
"343","Test 196","Test Author 196","",""
"344","Test 195","Test Author 195","",""
"345","Test 194","Test Author 194","",""
"346","Test 193","Test Author 193","",""
"347","Test 192","Test Author 192","",""
"348","Test 191","Test Author 191","",""
"349","Test 190","Test Author 190","",""
"350","Test 189","Test Author 189","",""
"351","Test 188","Test Author 188","",""
"352","Test 187","Test Author 187","",""
"353","Test 186","Test Author 186","",""
"354","Test 185","Test Author 185","",""
"355","Test 184","Test Author 184","",""
"356","Test 183","Test Author 183","",""
"357","Test 182","Test Author 182","",""
"358","Test 181","Test Author 181","",""
"359","Test 180","Test Author 180","",""
"360","Test 179","Test Author 179","",""
"361","Test 178","Test Author 178","",""
"362","Test 177","Test Author 177","",""
"363","Test 176","Test Author 176","",""
"364","Test 175","Test Author 175","",""
"365","Test 174","Test Author 174","",""
"366","Test 173","Test Author 173","",""
"367","Test 172","Test Author 172","",""
"368","Test 171","Test Author 171","",""
"369","Test 170","Test Author 170","",""
"370","Test 169","Test Author 169","",""
"371","Test 168","Test Author 168","",""
"372","Test 167","Test Author 167","",""
"373","Test 166","Test Author 166","",""
"374","Test 165","Test Author 165","",""
"375","Test 164","Test Author 164","",""
"376","Test 163","Test Author 163","",""
"377","Test 162","Test Author 162","",""
"378","Test 161","Test Author 161","",""
"379","Test 160","Test Author 160","",""
"380","Test 159","Test Author 159","",""
"381","Test 158","Test Author 158","",""
"382","Test 157","Test Author 157","",""
"383","Test 156","Test Author 156","",""
"384","Test 155","Test Author 155","",""
"385","Test 154","Test Author 154","",""
"386","Test 153","Test Author 153","",""
"387","Test 152","Test Author 152","",""
"388","Test 151","Test Author 151","",""
"389","Test 150","Test Author 150","",""
"390","Test 149","Test Author 149","",""
"391","Test 148","Test Author 148","",""
"392","Test 147","Test Author 147","",""
"393","Test 146","Test Author 146","",""
"394","Test 145","Test Author 145","",""
"395","Test 144","Test Author 144","",""
"396","Test 143","Test Author 143","",""
"397","Test 142","Test Author 142","",""
"398","Test 141","Test Author 141","",""
"399","Test 140","Test Author 140","",""
"400","Test 139","Test Author 139","",""
"401","Test 138","Test Author 138","",""
"402","Test 137","Test Author 137","",""
"403","Test 136","Test Author 136","",""
"404","Test 135","Test Author 135","",""
"405","Test 134","Test Author 134","",""
"406","Test 133","Test Author 133","",""
"407","Test 132","Test Author 132","",""
"408","Test 131","Test Author 131","",""
"409","Test 130","Test Author 130","",""
"410","Test 129","Test Author 129","",""
"411","Test 128","Test Author 128","",""
"412","Test 127","Test Author 127","",""
"413","Test 126","Test Author 126","",""
"414","Test 125","Test Author 125","",""
"415","Test 124","Test Author 124","",""
"416","Test 123","Test Author 123","",""
"417","Test 122","Test Author 122","",""
"418","Test 121","Test Author 121","",""
"419","Test 120","Test Author 120","",""
"420","Test 119","Test Author 119","",""
"421","Test 118","Test Author 118","",""
"422","Test 117","Test Author 117","",""
"423","Test 116","Test Author 116","",""
"424","Test 115","Test Author 115","",""
"425","Test 114","Test Author 114","",""
"426","Test 113","Test Author 113","",""
"427","Test 112","Test Author 112","",""
"428","Test 111","Test Author 111","",""
"429","Test 110","Test Author 110","",""
"430","Test 109","Test Author 109","",""
"431","Test 108","Test Author 108","",""
"432","Test 107","Test Author 107","",""
"433","Test 106","Test Author 106","",""
"434","Test 105","Test Author 105","",""
"435","Test 104","Test Author 104","",""
"436","Test 103","Test Author 103","",""
"437","Test 102","Test Author 102","",""
"438","Test 101","Test Author 101","",""
"439","Test 100","Test Author 100","",""
"440","Test 99","Test Author 99","",""
"441","Test 98","Test Author 98","",""
"442","Test 97","Test Author 97","",""
"443","Test 96","Test Author 96","",""
"444","Test 95","Test Author 95","",""
"445","Test 94","Test Author 94","",""
"446","Test 93","Test Author 93","",""
"447","Test 92","Test Author 92","",""
"448","Test 91","Test Author 91","",""
"449","Test 90","Test Author 90","",""
"450","Test 89","Test Author 89","",""
"451","Test 88","Test Author 88","",""
"452","Test 87","Test Author 87","",""
"453","Test 86","Test Author 86","",""
"454","Test 85","Test Author 85","",""
"455","Test 84","Test Author 84","",""
"456","Test 83","Test Author 83","",""
"457","Test 82","Test Author 82","",""
"458","Test 81","Test Author 81","",""
"459","Test 80","Test Author 80","",""
"460","Test 79","Test Author 79","",""
"461","Test 78","Test Author 78","",""
"462","Test 77","Test Author 77","",""
"463","Test 76","Test Author 76","",""
"464","Test 75","Test Author 75","",""
"465","Test 74","Test Author 74","",""
"466","Test 73","Test Author 73","",""
"467","Test 72","Test Author 72","",""
"468","Test 71","Test Author 71","",""
"469","Test 70","Test Author 70","",""
"470","Test 69","Test Author 69","",""
"471","Test 68","Test Author 68","",""
"472","Test 67","Test Author 67","",""
"473","Test 66","Test Author 66","",""
"474","Test 65","Test Author 65","",""
"475","Test 64","Test Author 64","",""
"476","Test 63","Test Author 63","",""
"477","Test 62","Test Author 62","",""
"478","Test 61","Test Author 61","",""
"479","Test 60","Test Author 60","",""
"480","Test 59","Test Author 59","",""
"481","Test 58","Test Author 58","",""
"482","Test 57","Test Author 57","",""
"483","Test 56","Test Author 56","",""
"484","Test 55","Test Author 55","",""
"485","Test 54","Test Author 54","",""
"486","Test 53","Test Author 53","",""
"487","Test 52","Test Author 52","",""
"488","Test 51","Test Author 51","",""
"489","Test 50","Test Author 50","",""
"490","Test 49","Test Author 49","",""
"491","Test 48","Test Author 48","",""
"492","Test 47","Test Author 47","",""
"493","Test 46","Test Author 46","",""
"494","Test 45","Test Author 45","",""
"495","Test 44","Test Author 44","",""
"496","Test 43","Test Author 43","",""
"497","Test 42","Test Author 42","",""
"498","Test 41","Test Author 41","",""
"499","Test 40","Test Author 40","",""
"500","Test 39","Test Author 39","",""
"501","Test 38","Test Author 38","",""
"502","Test 37","Test Author 37","",""
"503","Test 36","Test Author 36","",""
"504","Test 35","Test Author 35","",""
"505","Test 34","Test Author 34","",""
"506","Test 33","Test Author 33","",""
"507","Test 32","Test Author 32","",""
"508","Test 31","Test Author 31","",""
"509","Test 30","Test Author 30","",""
"510","Test 29","Test Author 29","",""
"511","Test 28","Test Author 28","",""
"512","Test 27","Test Author 27","",""
"513","Test 26","Test Author 26","",""
"514","Test 25","Test Author 25","",""
"515","Test 24","Test Author 24","",""
"516","Test 23","Test Author 23","",""
"517","Test 22","Test Author 22","",""
"518","Test 21","Test Author 21","",""
"519","Test 20","Test Author 20","",""
"520","Test 19","Test Author 19","",""
"521","Test 18","Test Author 18","",""
"522","Test 17","Test Author 17","",""
"523","Test 16","Test Author 16","",""
"524","Test 15","Test Author 15","",""
"525","Test 14","Test Author 14","",""
"526","Test 13","Test Author 13","",""
"527","Test 12","Test Author 12","",""
"528","Test 11","Test Author 11","",""
"529","Test 10","Test Author 10","",""
"530","Test 9","Test Author 9","",""
"531","Test 8","Test Author 8","",""
"532","Test 7","Test Author 7","",""
"533","Test 6","Test Author 6","",""
"534","Test 5","Test Author 5","",""
"535","Test 4","Test Author 4","",""
"536","Test 3","Test Author 3","",""
"537","Test 2","Test Author 2","",""
"538","Test 1","Test Author 1","",""

